﻿filter,function_type,function_key,setup_code,assign_to_key
all,additive_equation,f_flush_probability,logit(-5.2896 + 2.3356*f_is_seal + -0.0013 * par_surf_thick + -0.5801 * f_is_urban + 0.3979 * ln(par_adt) + -0.031 * heavy_perc + -0.0083 * par_pav_age),
all,additive_equation,f_scabb_probability,logit(-3.5534 + 2.0198*f_is_seal + 0.0047 * par_surf_thick + 0.5969 * f_is_urban + 0.0891 * ln(par_adt) + 0.0109 * heavy_perc + 0.0065 * par_pav_age),
all,additive_equation,f_lt_cracks_probability,logit(-2.7193 + -1.0772*f_is_seal + -0.0111 * par_surf_thick + 1.0097 * f_is_urban + 0.299 * ln(par_adt) + 0.0149 * heavy_perc + -0.0002 * par_pav_age),
all,additive_equation,f_mesh_cracks_probability,logit(-4.6499 + -0.0617*f_is_seal + 0.0116 * par_surf_thick + -0.3916 * f_is_urban + 0.4865 * ln(par_adt) + 0.0235 * heavy_perc + 0.0083 * par_pav_age + 0.0203* par_lt_cracks_pct + 0.0306* par_scabbing_pct),
all,additive_equation,f_shove_probability,logit(-5.026 + 0.8823*f_is_seal + -0.0045 * par_surf_thick + -0.2918 * f_is_urban + 0.3775 * ln(par_adt) + 0.0031 * heavy_perc + 0.0038 * par_pav_age + 0 * par_shoving_pct + 0.027 * par_mesh_cracks_pct + -0.004 *par_lt_cracks_pct + 0.0414* par_scabbing_pct),par_shove_proba
all,additive_equation,f_poth_probability,logit(-4.6703 + 1.5556*f_is_seal + 0.0072 * par_surf_thick + 0.1197 * f_is_urban + 0.2656 * ln(par_adt) + 0.005 * heavy_perc + -0.0041 * par_pav_age + 0.0428 * par_shoving_pct + 0.026 * par_mesh_cracks_pct + -0.0061 *par_lt_cracks_pct + 0.0608* par_scabbing_pct),par_poth_proba
all,additive_equation,f_rut_proba,logit(0.1834 + 0.9751*f_is_seal + -0.0091 * par_surf_thick + -0.8727 * f_is_urban + -0.1442 * ln(par_adt) + -0.0096 * heavy_perc + -0.0005 * par_pav_age + 1.2516 * par_potholes_pct + 0.0049 * par_flushing_pct + 0.0262 * par_shoving_pct + 0.0078 * par_mesh_cracks_pct + -0.0156 *par_lt_cracks_pct + 0.0181* par_scabbing_pct),
all,additive_equation,f_naasra_proba,logit(-2.8042 + 1.06*f_is_seal + 0.0192 * par_surf_thick + 1.526 * f_is_urban + -0.0683 * ln(par_adt) + -0.0311 * heavy_perc + 0.0087 * par_pav_age + 0.1098 * par_potholes_pct + 0.0016 * par_flushing_pct + 0.0099 * par_shoving_pct + 0.0057 * par_mesh_cracks_pct + -0.0065 *par_lt_cracks_pct + -0.0056* par_scabbing_pct + 0.0753* par_rut),
